<?xml version="1.0" encoding="UTF-8"?>
<beans xmlns="http://www.springframework.org/schema/beans"
	xmlns:xsi="http://www.w3.org/2001/XMLSchema-instance"
	xmlns:context="http://www.springframework.org/schema/context"
	xmlns:tx="http://www.springframework.org/schema/tx"
	xsi:schemaLocation="http://www.springframework.org/schema/beans https://www.springframework.org/schema/beans/spring-beans.xsd
		http://www.springframework.org/schema/context http://www.springframework.org/schema/context/spring-context-4.3.xsd
		http://www.springframework.org/schema/tx http://www.springframework.org/schema/tx/spring-tx-4.3.xsd">
	
	<!-- Root Context: defines shared resources visible to all other web components -->
	<context:component-scan base-package="com.ssafy.emp.model"/>
	
	<bean id="dataSource" class="org.springframework.jndi.JndiObjectFactoryBean">
		<property name="jndiName"  value="java:comp/env/jdbc/edu"/>
	</bean>
	
	<bean id="sqlSessionFactoryBean" class="org.mybatis.spring.SqlSessionFactoryBean">
		<property name="dataSource" ref="dataSource"/>
		<property name="typeAliasesPackage" value="com.ssafy.emp.model.dao"/>
		<property name="mapperLocations" value="classpath:sqlMapper.xml"/>
		<property name="configLocation" value="classpath:myBatis-config.xml"/>
	</bean>
	
	<bean id="sqlSession" class="org.mybatis.spring.SqlSessionTemplate">
		<constructor-arg ref="sqlSessionFactoryBean"/>
	</bean>
	
	<bean id="transactionManager" 
	     class="org.springframework.jdbc.datasource.DataSourceTransactionManager">
		<property name="dataSource"  ref="dataSource"/>
	</bean>
	
	<tx:annotation-driven transaction-manager="transactionManager"/>
</beans>
<!-- 
	namespaces : tx (추가)
 -->

 
 
 
 
 
 
 
 