<?xml version="1.0" encoding="UTF-8"?>
<beans xmlns="http://www.springframework.org/schema/beans"
	xmlns:xsi="http://www.w3.org/2001/XMLSchema-instance"
	xmlns:aop="http://www.springframework.org/schema/aop"
	xmlns:context="http://www.springframework.org/schema/context"
	xmlns:p="http://www.springframework.org/schema/p"
	xsi:schemaLocation="http://www.springframework.org/schema/beans http://www.springframework.org/schema/beans/spring-beans.xsd
		http://www.springframework.org/schema/aop http://www.springframework.org/schema/aop/spring-aop-4.3.xsd
		http://www.springframework.org/schema/context http://www.springframework.org/schema/context/spring-context-4.3.xsd">

<aop:config>
	<aop:aspect id="logAspect" ref="loggingAdvice">
		<aop:pointcut expression="execution(* sayHello())"  id="logPointCut"/>
		<aop:around method="logAround" pointcut-ref="logPointCut"/> 
	</aop:aspect>
</aop:config>

<bean id="loggingAdvice" class="aop07.LoggingAdvice"/>
<bean id="proxy" class="aop07.MessageBeanImpl" p:name="Spring"/>

</beans>
<!-- 
	Spring bean configuration File에서
	beans, aop, context, p 체크
 -->
 
 
 
 
 
 